{
  "0": 1.0,
  "1": 2.18546845124283,
  "2": 1.507915567282322,
  "3": 3.0198150594451785,
  "4": 13.213872832369942
}